eps,min_samples,clusters,noise_%,largest_cluster_%_of_clustered,silhouette_excl_noise,davies_bouldin_excl_noise
0.02,10,275,67.9,17.1,0.4201087495153416,0.4574285389526749
0.02,30,17,94.9,19.0,0.6245309507685518,0.38604241829785296
0.02,100,1,99.4,100.0,,
0.05,10,59,5.3,88.0,-0.5767509641938627,0.9697716145865398
0.05,30,56,42.9,17.1,0.26461047044872454,0.6294289404216463
0.05,100,4,93.5,72.8,0.5590675390277071,0.31653469601584905
0.1,10,11,0.5,97.6,-0.07183180126952807,0.48659097349654173
0.1,30,6,4.0,98.3,-0.03465581649002251,0.6506947677562802
0.1,100,17,37.9,23.1,0.22390192707526727,0.7001090275138092
0.2,10,2,0.0,99.6,0.5536838439976671,0.33746948060809784
0.2,30,5,0.1,99.1,0.06144882817700359,0.5268978363273616
0.2,100,2,3.5,99.5,0.26541885926161973,0.5267331606875931
