k,inertia,silhouette,davies_bouldin
2,94249.21875547689,0.4539321276800455,0.8162928161793466
3,63274.80298044549,0.42644062879168976,0.8653846895859244
4,48570.06942651729,0.41169113654763534,0.8502641460747189
5,39552.44722406801,0.3998580972799298,0.8340444622435473
6,32498.864026207808,0.3962186218775024,0.8386773180906997
7,27238.327435553685,0.40041283892731944,0.8517159889404867
8,23406.646440354365,0.4039430604531322,0.803252416343682
9,20568.83647978148,0.40686726592079225,0.7889336667364557
10,18146.927760389317,0.41470301537803533,0.7691481268458263
